datetime,tempmax,tempmin,humidity,precip,windspeed,sealevelpressure,cloudcover,solarradiation
2010-06-01,36.2,14.9,54.8,0.0,22.0,1008.8,25.1,344.2
2010-06-02,35.1,14.7,46.4,0.0,22.3,1005.4,26.9,338.0
2010-06-03,34.4,14.7,54.6,0.0,25.9,1005.4,51.1,333.5
2010-06-04,36.2,16.2,61.5,0.0,25.6,1004.4,64.3,276.8
2010-06-05,32.3,19.5,68.4,2.1,26.3,1006.6,69.4,291.8
2010-06-06,33.0,16.2,63.6,0.0,23.0,1008.0,57.0,290.2
2010-06-07,34.9,19.1,55.8,2.7,23.8,1011.6,73.8,301.8
2010-06-08,33.1,17.1,64.8,0.6,19.8,1009.9,73.1,212.1
2010-06-09,33.1,15.4,70.9,2.5,14.8,1009.1,78.1,158.4
2010-06-10,33.1,16.9,77.9,3.1,15.8,1006.8,85.3,139.8
2010-06-11,30.2,19.2,80.1,14.7,15.1,1008.4,87.2,158.0
2010-06-12,29.8,12.2,74.8,9.7,17.6,1010.0,83.6,226.2
2010-06-13,29.7,17.9,78.0,11.9,14.8,1008.2,87.5,196.3
2010-06-14,27.7,17.7,79.4,12.5,14.0,1007.1,87.4,148.5
2010-06-15,29.7,19.1,81.5,30.2,14.4,1006.6,93.9,176.0
2010-06-16,26.1,18.2,84.0,26.2,14.4,1008.2,96.3,153.3
2010-06-17,24.7,18.4,88.1,26.6,13.0,1009.4,97.3,93.7
2010-06-18,27.0,17.9,79.4,2.0,13.3,1010.7,86.9,202.1
2010-06-19,27.9,13.1,75.4,1.2,12.6,1012.1,68.0,201.7
2010-06-20,28.1,14.2,73.1,2.5,10.8,1008.7,79.4,192.2
2010-06-21,32.2,16.9,72.9,5.0,17.3,1006.9,81.2,225.4
2010-06-22,31.1,16.2,74.2,0.8,15.5,1008.1,84.6,266.7
2010-06-23,31.7,15.2,74.5,1.8,16.2,1009.0,74.1,236.9
2010-06-24,27.3,17.7,75.6,1.1,8.3,1011.3,85.9,141.1
2010-06-25,28.9,18.1,75.5,0.0,14.4,1011.2848837209302,87.4,205.0
2010-06-26,26.7,20.2,82.6,11.0,16.2,1011.2697674418604,79.6,153.5
2010-06-27,26.0,20.1,90.0,11.0,19.1,1011.2546511627907,84.6,152.3
2010-06-28,23.1,18.1,87.7,17.5,12.6,1011.2395348837209,93.5,120.7
2010-06-29,23.5,18.4,92.0,27.9,19.4,1011.2244186046511,91.9,148.4
2010-06-30,24.3,18.1,89.6,42.6,18.7,1011.2093023255813,79.6,271.2
2011-06-01,32.7,19.3,56.0,0.0,19.8,1006.1302325581396,85.9,226.4
2011-06-02,29.1,18.5,55.4,0.0,16.6,1006.1151162790698,79.2,167.2
2011-06-03,31.9,18.7,62.8,0.0,19.8,1006.1,76.3,201.9
2011-06-04,32.4,15.2,66.5,0.0,18.0,1008.7,85.5,173.9
2011-06-05,33.9,14.4,60.0,0.0,23.4,1010.2,82.6,305.9
2011-06-06,31.8,17.1,62.2,0.0,23.4,1006.0,71.6,269.5
2011-06-07,31.7,16.2,69.5,2.0,16.6,1006.2,83.5,210.5
2011-06-08,33.2,15.7,72.5,0.5,17.3,1006.9,80.7,155.1
2011-06-09,32.2,16.1,67.3,1.5,20.5,1005.9,77.6,236.9
2011-06-10,30.6,16.1,72.0,0.4,19.8,1006.5,70.2,205.7
2011-06-11,30.2,16.6,76.6,0.7,14.4,1005.6,75.7,99.8
2011-06-12,31.5,18.4,65.2,7.6,19.8,1005.8,64.3,280.4
2011-06-13,31.4,17.4,71.8,6.2,21.6,1007.7,84.6,238.9
2011-06-14,31.8,15.7,69.3,2.1,19.8,1008.7,83.3,249.5
2011-06-15,26.8,17.4,85.3,7.7,18.0,1008.6,92.0,147.0
2011-06-16,28.0,16.4,78.6,10.2,16.9,1007.0,86.3,234.0
2011-06-17,30.1,16.2,76.5,13.5,17.3,1005.5,74.2,209.9
2011-06-18,28.4,15.7,78.2,3.2,18.0,1009.0,82.2,124.2
2011-06-19,28.7,16.2,81.5,4.6,24.5,1006.2,94.5,105.1
2011-06-20,24.3,18.9,85.3,35.1,17.3,1006.5,92.7,158.2
2011-06-21,25.7,16.7,80.1,3.6,13.0,1008.8,92.3,179.4
2011-06-22,28.8,16.2,80.3,3.9,18.0,1010.3,83.3,239.8
2011-06-23,28.7,17.2,79.5,4.8,15.8,1008.8,86.8,237.7
2011-06-24,28.4,16.9,88.7,20.3,14.8,1008.2,85.4,113.5
2011-06-25,27.7,17.2,82.9,11.9,14.4,1007.7,81.9,231.0
2011-06-26,28.8,17.7,78.6,17.1,14.4,1005.7,76.6,253.1
2011-06-27,29.9,16.2,84.3,8.5,17.6,1007.2,87.0,215.5
2011-06-28,26.1,16.7,85.0,26.5,19.1,1007.6,89.3,165.2
2011-06-29,25.0,16.9,84.5,20.2,13.7,1007.4,95.4,270.8
2011-06-30,22.3,17.7,88.5,24.3,15.1,1006.5,97.0,133.6
2012-06-01,33.9,18.1,76.6,0.8,22.7,1006.7,76.8,206.1
2012-06-02,30.9,16.4,70.5,0.0,8.3,1006.9,80.2,117.3
2012-06-03,29.4,16.1,69.5,1.0,13.0,1008.7,74.8,167.8
2012-06-04,28.7,16.4,78.0,0.7,16.6,1008.8,82.0,140.7
2012-06-05,31.1,14.7,72.6,0.0,14.8,1005.1,75.4,151.2
2012-06-06,31.4,15.7,73.3,0.2,18.0,1005.7,53.6,246.3
2012-06-07,31.4,15.4,74.0,1.2,18.4,1008.0,67.7,212.2
2012-06-08,30.2,14.9,74.6,1.7,15.8,1007.8,85.0,178.9
2012-06-09,31.7,19.1,65.4,0.9,14.4,1005.1,87.9,257.0
2012-06-10,31.2,17.2,67.0,3.5,18.7,1005.4,82.2,229.0
2012-06-11,31.9,19.2,68.2,1.2,19.1,1006.0,83.8,244.4
2012-06-12,31.8,16.2,68.5,0.3,18.7,1008.4,67.9,235.9
2012-06-13,32.0,14.1,63.0,4.3,15.5,1007.8,48.9,255.4
2012-06-14,29.7,14.6,66.8,35.8,11.2,1007.4,79.9,152.3
2012-06-15,26.9,18.4,72.3,31.0,9.7,1005.9,92.5,143.4
2012-06-16,25.9,17.2,89.8,83.2,32.4,1006.4,97.7,55.4
2012-06-17,23.4,16.9,86.7,7.4,22.7,1009.1,94.3,132.0
2012-06-18,26.1,16.7,83.2,57.2,18.7,1005.7,78.5,269.5
2012-06-19,24.3,17.1,90.6,34.1,16.9,1006.5,95.6,122.4
2012-06-20,24.9,16.9,89.6,6.6,20.9,1008.9,89.7,166.9
2012-06-21,26.3,16.7,83.4,0.1,19.1,1009.4,84.0,242.3
2012-06-22,27.7,14.9,81.9,10.4,16.6,1006.9,79.9,159.5
2012-06-23,26.1,16.9,91.1,31.2,24.8,1007.1,93.1,94.6
2012-06-24,25.4,16.8,84.1,21.1,15.8,1010.3,88.1,272.4
2012-06-25,24.4,18.2,89.7,22.4,16.2,1008.9,89.6,181.0
2012-06-26,24.4,16.9,85.2,5.9,14.4,1007.6,86.7,178.4
2012-06-27,25.5,16.9,85.1,9.2,16.6,1008.8,73.6,287.3
2012-06-28,25.6,18.6,86.7,4.6,13.0,1012.8,74.1,220.5
2012-06-29,26.7,19.9,81.5,5.6,10.1,1012.7825443786982,82.9,192.3
2012-06-30,26.0,19.5,83.7,1.7,17.3,1012.7650887573964,80.4,207.0
2013-06-01,29.7,17.2,84.3,3.8,19.1,1006.9,90.7,199.1
2013-06-02,29.2,17.6,80.4,6.5,12.2,1004.8,91.6,161.2
2013-06-03,29.7,18.1,79.2,8.0,15.5,1006.3,84.4,195.9
2013-06-04,29.1,18.9,80.6,19.4,19.8,1005.6,84.3,237.9
2013-06-05,30.9,17.2,77.6,11.4,20.5,1004.7,80.4,276.8
2013-06-06,33.1,17.9,77.0,0.4,19.4,1003.5,82.7,301.6
2013-06-07,32.1,16.9,76.6,18.9,21.2,1006.0,81.8,301.1
2013-06-08,31.1,18.9,79.9,10.9,16.9,1005.5,87.5,213.2
2013-06-09,24.2,17.4,86.8,3.2,12.2,1010.0,87.6,122.8
2013-06-10,26.3,16.7,84.2,4.0,13.3,1011.7,78.6,177.2
2013-06-11,27.9,19.2,83.3,10.1,11.2,1009.8,80.9,116.0
2013-06-12,29.2,16.1,80.7,4.7,13.7,1013.3,75.7,263.0
2013-06-13,29.9,16.1,74.1,0.0,9.4,1010.4,79.6,171.7
2013-06-14,30.7,15.7,73.8,1.5,16.9,1007.8,82.9,262.6
2013-06-15,32.4,16.1,73.8,3.7,19.4,1007.8,83.2,298.7
2013-06-16,32.2,14.2,69.4,3.3,15.1,1009.2,68.2,333.3
2013-06-17,31.4,14.9,72.8,7.5,17.3,1010.4,70.7,291.2
2013-06-18,31.4,14.9,67.4,0.6,13.3,1006.9,67.2,214.1
2013-06-19,31.4,18.2,80.4,2.6,14.0,1005.1,85.4,150.8
2013-06-20,26.0,17.9,84.0,7.4,13.7,1009.2,94.2,226.3
2013-06-21,27.0,18.7,81.7,9.8,11.5,1010.2,95.8,213.0
2013-06-22,27.3,19.4,79.9,5.2,11.2,1010.4,95.7,195.5
2013-06-23,27.5,17.1,78.8,7.9,15.1,1008.3,91.0,237.6
2013-06-24,27.4,18.7,86.4,1.8,18.7,1010.9,90.4,109.2
2013-06-25,27.2,15.2,79.8,3.8,16.9,1012.0,91.1,264.8
2013-06-26,27.7,16.2,79.4,2.1,16.9,1010.1,88.9,232.1
2013-06-27,28.7,14.4,78.8,1.7,11.2,1011.6,86.6,181.0
2013-06-28,27.1,15.9,77.5,0.8,11.9,1009.8,84.9,164.4
2013-06-29,25.2,14.1,78.5,1.1,15.1,1013.0,78.2,210.8
2013-06-30,26.4,16.4,82.7,2.8,18.4,1009.0,83.1,220.4
2014-06-01,27.7,16.9,74.8,7.4,10.8,1006.7,88.7,169.2
2014-06-02,29.1,14.2,68.6,1.8,14.4,1005.9,81.2,193.7
2014-06-03,29.4,15.1,73.5,39.9,21.6,1005.7,86.3,201.2
2014-06-04,28.1,17.7,80.4,46.2,12.2,1004.1,91.0,130.0
2014-06-05,26.1,19.4,86.1,22.6,14.4,1006.1,96.3,147.9
2014-06-06,27.2,17.9,86.7,10.2,15.5,1006.5,95.2,187.6
2014-06-07,25.7,17.2,86.6,12.5,17.3,1008.9,97.3,228.1
2014-06-08,27.2,16.9,88.2,9.1,17.3,1008.5,96.4,151.6
2014-06-09,27.1,16.9,84.1,11.2,14.8,1007.8,88.6,257.1
2014-06-10,25.1,16.7,85.8,6.1,15.5,1009.3,90.5,193.7
2014-06-11,25.9,16.2,82.2,1.7,11.5,1010.8,89.0,176.5
2014-06-12,27.8,17.7,83.4,4.9,14.8,1009.9,78.9,218.8
2014-06-13,28.0,17.7,82.2,1.9,14.4,1009.3,70.0,253.0
2014-06-14,30.1,19.0,74.6,0.0,16.6,1005.7,53.7,317.2
2014-06-15,30.2,15.7,80.5,1.5,16.9,1009.3,62.5,278.9
2014-06-16,29.5,19.5,75.8,6.3,11.5,1008.2,59.8,254.8
2014-06-17,28.7,17.2,78.7,22.7,14.4,1008.8,67.0,240.0
2014-06-18,29.1,16.1,79.3,6.6,14.4,1008.7,78.9,196.7
2014-06-19,28.2,16.4,78.4,2.5,15.1,1008.3,68.8,261.1
2014-06-20,26.3,16.1,82.2,8.0,14.4,1009.2,85.0,176.6
2014-06-21,29.4,15.7,83.4,4.2,18.0,1009.2,85.7,187.9
2014-06-22,28.4,17.9,80.7,1.8,11.9,1009.1,89.4,196.9
2014-06-23,27.7,17.9,83.3,3.2,15.5,1009.5,93.3,197.2
2014-06-24,26.4,17.4,83.3,12.8,14.0,1011.1,90.1,202.0
2014-06-25,25.4,16.9,87.2,13.9,16.2,1012.2,82.3,247.2
2014-06-26,27.4,16.2,81.4,3.8,18.0,1011.5,92.6,301.8
2014-06-27,27.1,17.2,82.5,0.9,20.2,1011.0,93.2,272.6
2014-06-28,27.1,17.9,83.7,6.6,21.2,1010.6,91.2,258.7
2014-06-29,26.7,16.7,81.3,2.1,13.7,1011.9,92.2,229.2
2014-06-30,27.8,18.4,80.2,0.8,15.1,1012.5,92.9,284.5
2015-06-01,23.9,12.6,86.9,16.4,14.4,1016.7,98.9,142.5
2015-06-02,26.4,12.5,81.6,12.5,10.8,1015.5,99.9,188.3
2015-06-03,22.9,14.4,86.9,16.5,32.4,1014.7,99.6,182.6
2015-06-04,25.9,13.1,84.0,14.6,10.8,1014.5,98.6,174.6
2015-06-05,25.1,13.0,83.1,3.5,14.4,1016.1,97.3,199.2
2015-06-06,26.9,14.2,84.2,15.1,10.8,1015.8,92.3,198.8
2015-06-07,29.4,13.5,82.0,14.7,10.8,1015.1,89.9,210.9
2015-06-08,29.4,13.7,75.4,10.9,28.8,1014.5,71.4,241.4
2015-06-09,29.4,13.3,68.1,1.8,14.4,1013.1,75.8,248.9
2015-06-10,30.9,13.4,70.9,4.5,25.2,1011.9,69.3,266.3
2015-06-11,30.4,14.4,80.7,15.4,21.6,1011.4,95.5,176.2
2015-06-12,26.4,13.2,83.2,12.6,46.8,1012.1,78.2,249.4
2015-06-13,22.9,12.2,88.2,13.2,25.2,1013.1,94.0,102.6
2015-06-14,24.9,13.3,81.1,2.8,28.8,1013.3,98.6,203.6
2015-06-15,29.7,11.7,72.8,0.6,25.2,1013.9,85.5,271.9
2015-06-16,30.2,13.3,75.0,7.1,28.8,1014.1,89.1,265.9
2015-06-17,29.4,13.7,81.0,22.4,28.8,1014.3,89.3,228.8
2015-06-18,28.9,14.5,80.3,28.9,28.8,1014.1,86.5,217.4
2015-06-19,27.7,12.4,74.7,7.7,54.0,1014.8,85.3,239.6
2015-06-20,29.2,14.0,83.5,12.1,7.2,1017.8,80.3,259.9
2015-06-21,24.2,13.1,78.6,12.5,7.2,1017.5,83.7,251.0
2015-06-22,29.9,13.3,73.2,2.6,36.0,1017.0,76.6,284.6
2015-06-23,28.9,11.5,64.7,1.2,32.4,1016.6,54.3,290.3
2015-06-24,27.2,10.8,68.3,0.4,68.4,1017.1,64.5,300.1
2015-06-25,29.6,11.0,68.9,1.4,46.8,1017.9,50.4,292.0
2015-06-26,30.7,11.9,73.8,2.1,21.6,1017.5,46.3,295.2
2015-06-27,27.4,13.3,80.1,12.7,14.4,1017.3,77.8,238.2
2015-06-28,23.0,12.5,85.2,32.2,7.9,1017.7,88.9,204.4
2015-06-29,28.9,13.2,84.0,15.8,72.0,1017.3,89.8,189.3
2015-06-30,27.4,12.4,85.5,19.5,10.8,1016.8,88.4,204.8
2016-06-01,29.2,13.8,81.8,8.9,7.2,1014.1,81.0,255.4
2016-06-02,27.4,14.8,84.6,12.3,7.2,1015.1,86.0,211.6
2016-06-03,29.9,13.5,82.8,23.0,10.8,1014.1,85.6,240.7
2016-06-04,27.4,14.1,85.8,24.0,7.2,1012.9,80.3,192.8
2016-06-05,27.7,12.7,81.5,23.5,6.5,1012.2,92.7,198.9
2016-06-06,22.4,12.8,91.3,18.7,7.2,1014.1,96.7,109.0
2016-06-07,29.6,12.8,83.7,10.6,7.6,1014.7,80.6,238.8
2016-06-08,28.9,13.4,77.3,1.8,9.4,1015.1,75.0,271.0
2016-06-09,27.2,14.0,83.1,7.0,5.8,1016.4,86.5,246.7
2016-06-10,28.7,14.5,85.1,14.4,14.4,1016.5,87.7,188.1
2016-06-11,28.2,14.5,86.6,30.2,9.0,1017.2,96.4,159.1
2016-06-12,27.4,13.2,84.1,17.8,7.2,1018.6,94.3,194.1
2016-06-13,25.2,13.2,87.6,28.5,8.3,1018.2,96.3,191.8
2016-06-14,26.2,13.7,87.5,18.1,7.2,1016.6,93.0,172.6
2016-06-15,29.2,13.2,83.6,7.7,11.5,1016.8,92.8,216.5
2016-06-16,27.2,13.9,84.7,8.7,10.8,1017.6,95.7,225.7
2016-06-17,28.7,14.5,80.9,14.4,7.2,1016.9,83.8,256.4
2016-06-18,27.4,12.5,84.3,12.8,7.2,1015.6,89.4,225.3
2016-06-19,26.7,11.7,76.9,5.5,10.8,1015.5,70.3,239.3
2016-06-20,26.2,14.0,87.9,22.9,7.6,1017.1,95.8,176.3
2016-06-21,22.9,13.7,88.5,18.9,7.2,1017.3,97.7,145.1
2016-06-22,25.7,11.7,73.5,9.9,14.4,1016.9,72.7,269.4
2016-06-23,28.7,11.4,74.9,3.1,6.5,1017.5,75.3,244.4
2016-06-24,25.1,12.0,82.4,10.7,7.2,1017.1,81.7,236.5
2016-06-25,26.7,13.3,86.7,15.1,14.4,1016.5,77.5,210.5
2016-06-26,28.7,13.8,78.9,8.6,10.8,1015.9,76.2,257.6
2016-06-27,27.9,12.8,74.2,5.3,10.8,1015.9,76.0,283.5
2016-06-28,27.4,10.9,71.3,1.0,14.4,1016.0,43.8,283.9
2016-06-29,27.4,11.1,76.3,10.0,7.2,1016.0,75.6,227.5
2016-06-30,28.2,12.4,79.6,9.6,7.2,1016.4,89.2,230.5
2017-06-01,26.9,13.7,85.7,11.4,10.8,1012.9,98.3,91.7
2017-06-02,29.4,12.7,78.6,5.9,7.6,1012.6,97.7,219.6
2017-06-03,29.1,14.8,79.9,1.1,6.8,1013.1,92.2,176.2
2017-06-04,30.4,14.7,77.8,7.3,10.8,1012.6,82.6,223.6
2017-06-05,28.9,14.8,80.5,9.3,5.8,1013.6,90.9,229.7
2017-06-06,30.7,15.2,81.3,11.0,10.8,1014.3,89.6,207.5
2017-06-07,28.2,13.6,80.8,9.4,6.1,1015.3,86.5,250.9
2017-06-08,26.7,14.4,83.4,26.2,14.4,1015.5,92.9,158.3
2017-06-09,30.2,13.4,79.6,11.6,10.8,1013.9,92.1,225.7
2017-06-10,27.9,14.3,83.2,10.8,10.8,1014.2,90.9,198.2
2017-06-11,28.6,14.7,84.5,20.1,5.4,1014.6,93.3,171.2
2017-06-12,28.9,14.2,81.7,20.6,7.2,1013.1,95.8,187.3
2017-06-13,27.9,14.2,87.0,44.3,7.2,1011.6,97.3,90.7
2017-06-14,27.9,14.1,86.1,19.6,10.8,1013.1,94.9,112.2
2017-06-15,26.2,13.5,83.5,41.3,6.1,1015.2,94.8,163.1
2017-06-16,29.1,12.8,81.7,8.4,5.8,1015.7,82.9,233.5
2017-06-17,29.4,12.6,79.0,3.2,7.2,1012.8,88.2,217.1
2017-06-18,28.6,13.2,80.7,15.8,5.0,1011.4,86.3,233.6
2017-06-19,27.2,13.7,82.5,19.7,14.4,1012.0,92.2,199.9
2017-06-20,29.2,12.4,76.5,15.3,7.2,1012.8,85.2,209.6
2017-06-21,27.4,11.3,70.9,1.7,7.2,1012.8,74.9,241.7
2017-06-22,28.7,13.6,79.0,17.6,6.1,1013.0,83.1,203.9
2017-06-23,29.7,12.9,80.9,12.1,5.8,1012.5,84.6,202.2
2017-06-24,29.9,13.7,80.3,18.6,14.4,1014.4,93.2,169.4
2017-06-25,28.7,13.8,82.7,18.2,14.4,1016.7,95.4,203.7
2017-06-26,26.6,12.2,87.4,15.5,43.2,1017.5,95.3,198.3
2017-06-27,27.1,13.6,85.4,18.2,6.8,1016.4,95.0,199.9
2017-06-28,24.9,13.4,88.2,17.9,6.1,1015.5,95.7,186.7
2017-06-29,27.4,13.6,85.0,7.4,5.8,1015.3,91.9,201.8
2017-06-30,25.2,14.5,92.2,25.7,6.5,1016.1,98.2,147.3
2018-06-01,33.1,13.6,68.5,2.6,10.8,1012.5,48.7,289.0
2018-06-02,28.9,12.7,67.7,3.2,7.2,1013.2,70.1,268.4
2018-06-03,30.2,12.2,66.9,2.0,14.4,1015.2,40.2,263.1
2018-06-04,30.9,11.1,68.8,1.5,10.8,1016.0,52.7,259.6
2018-06-05,32.4,12.3,80.6,4.9,9.4,1015.2,80.4,222.9
2018-06-06,29.9,14.0,85.3,7.7,7.2,1013.0,95.3,213.4
2018-06-07,27.9,13.8,89.4,25.7,7.2,1014.1,91.4,197.5
2018-06-08,29.1,14.1,79.3,7.2,10.8,1014.5,83.5,205.2
2018-06-09,28.7,13.0,78.5,20.9,10.8,1015.7,85.3,190.3
2018-06-10,29.1,13.0,80.9,13.8,7.2,1015.3,91.7,200.2
2018-06-11,29.9,13.5,86.2,9.3,7.6,1014.6,95.4,190.1
2018-06-12,26.2,14.9,88.4,12.8,14.4,1014.7,98.5,171.0
2018-06-13,28.1,13.6,89.6,17.8,4.7,1015.5,97.8,153.8
2018-06-14,26.4,13.3,89.5,12.5,11.5,1015.5,96.6,106.8
2018-06-15,25.2,13.4,88.9,10.6,6.1,1014.5,95.0,116.0
2018-06-16,23.9,13.9,91.2,23.9,7.9,1013.3,96.5,156.5
2018-06-17,25.7,13.5,91.6,58.1,7.2,1015.2,97.9,60.7
2018-06-18,23.2,13.9,85.7,23.3,12.6,1016.6,97.5,192.6
2018-06-19,28.9,12.3,78.1,0.6,11.5,1015.9,91.8,268.3
2018-06-20,27.9,11.5,73.5,0.0,10.8,1015.2,88.7,308.9
2018-06-21,26.9,13.4,78.8,0.9,21.6,1015.1,88.0,253.6
2018-06-22,25.7,12.1,87.4,13.4,7.9,1016.0,93.3,224.7
2018-06-23,28.2,11.5,85.4,9.2,7.9,1016.0,92.7,224.3
2018-06-24,27.7,13.2,84.4,5.8,8.6,1015.5,94.5,230.0
2018-06-25,26.7,11.9,85.9,6.3,7.9,1015.6,84.0,251.4
2018-06-26,25.9,13.0,82.1,9.4,5.0,1016.8,93.4,212.9
2018-06-27,26.7,12.6,81.1,14.8,7.2,1016.7,80.2,245.2
2018-06-28,27.9,11.7,85.5,18.6,7.2,1016.8,84.3,194.1
2018-06-29,26.1,11.1,81.7,9.2,6.5,1017.3,84.2,213.7
2018-06-30,27.1,10.9,76.6,1.4,10.8,1016.7,91.7,247.5
2019-06-01,28.4,14.1,79.2,20.7,10.8,1012.6,92.3,183.7
2019-06-02,28.2,14.3,85.8,19.5,10.8,1012.6,89.3,175.9
2019-06-03,25.4,14.4,88.7,19.2,7.6,1013.5,97.4,165.4
2019-06-04,25.4,15.3,93.0,33.1,7.2,1015.5,99.1,52.8
2019-06-05,28.6,13.2,78.8,1.8,11.9,1015.2,88.3,278.8
2019-06-06,29.9,12.7,72.2,0.0,7.2,1013.4,86.0,265.0
2019-06-07,29.2,15.1,85.2,3.3,10.8,1013.9,93.4,194.1
2019-06-08,31.9,14.2,75.9,1.8,7.2,1013.4,71.2,276.7
2019-06-09,32.1,15.8,74.6,3.1,7.2,1014.5,63.0,261.4
2019-06-10,31.7,14.4,64.8,0.5,21.6,1015.9,41.6,331.0
2019-06-11,30.1,11.1,64.4,0.7,14.4,1016.5,62.1,304.7
2019-06-12,30.4,13.3,66.9,5.9,7.2,1014.4,63.8,274.1
2019-06-13,29.7,14.8,69.8,4.1,7.2,1015.0,86.7,216.1
2019-06-14,29.9,13.1,78.8,19.6,7.2,1016.5,79.2,188.4
2019-06-15,27.2,14.7,87.6,12.5,7.2,1016.2,93.3,170.9
2019-06-16,28.1,13.7,86.0,5.4,25.2,1015.7,79.5,253.4
2019-06-17,28.2,13.2,87.5,7.2,7.9,1015.5,82.3,236.6
2019-06-18,29.2,13.1,87.2,16.0,10.8,1016.3,90.1,209.4
2019-06-19,29.2,13.1,84.5,8.3,7.2,1016.5,86.9,256.8
2019-06-20,31.1,14.2,86.9,13.9,7.2,1015.4,80.9,224.0
2019-06-21,30.7,13.4,83.0,10.4,5.8,1015.4,80.8,245.3
2019-06-22,26.4,15.0,86.7,19.5,5.8,1017.3,94.0,164.7
2019-06-23,26.2,14.0,88.8,14.8,10.8,1016.4,91.0,205.5
2019-06-24,26.1,13.8,88.7,14.4,9.0,1015.8,92.7,188.9
2019-06-25,26.6,12.7,82.7,6.0,14.4,1015.7,92.7,263.6
2019-06-26,28.9,12.1,78.5,4.0,14.4,1015.4,72.4,250.6
2019-06-27,26.7,12.1,69.7,0.0,14.8,1016.0,39.2,311.8
2019-06-28,27.7,10.9,68.9,1.4,10.8,1016.3,20.8,285.2
2019-06-29,26.9,11.3,72.0,1.5,10.8,1017.4,47.2,252.5
2019-06-30,29.4,10.4,79.5,11.8,5.8,1017.1,75.3,224.5
2020-06-01,29.7,12.2,76.2,8.3,10.8,1014.5,78.5,232.6
2020-06-02,32.7,13.9,79.2,16.8,7.6,1014.0,85.2,222.3
2020-06-03,31.1,15.0,76.1,6.8,10.8,1012.5,91.1,235.4
2020-06-04,32.1,14.6,76.4,8.4,18.0,1010.6,88.6,238.7
2020-06-05,33.4,13.9,72.9,4.8,10.8,1011.4,72.3,248.4
2020-06-06,29.4,13.5,85.1,8.6,10.8,1013.9,78.2,225.6
2020-06-07,28.4,13.1,81.0,3.6,10.4,1014.2,63.6,254.9
2020-06-08,31.1,13.4,77.9,1.8,11.2,1014.9,62.9,285.4
2020-06-09,30.2,13.8,79.4,2.6,9.7,1014.6,78.1,267.3
2020-06-10,32.1,14.0,80.0,13.1,18.0,1015.6,78.6,230.1
2020-06-11,30.1,13.7,73.6,1.4,14.4,1017.6,90.4,224.2
2020-06-12,28.4,12.5,70.0,1.7,13.3,1017.6,77.4,288.6
2020-06-13,31.2,12.6,68.7,4.8,10.8,1015.0,56.5,243.8
2020-06-14,32.9,11.2,72.6,4.0,10.8,1015.0,64.0,246.2
2020-06-15,32.7,11.5,69.3,0.4,14.4,1016.3,38.0,286.1
2020-06-16,30.7,11.8,61.7,2.0,7.2,1016.0,35.9,319.1
2020-06-17,29.2,12.9,69.8,2.3,18.0,1015.9,57.3,266.3
2020-06-18,30.2,13.1,77.4,11.5,14.4,1014.8,81.4,220.8
2020-06-19,32.1,12.9,70.7,3.3,14.4,1014.4,86.8,279.4
2020-06-20,32.1,15.0,72.4,8.5,7.2,1014.6,88.0,251.8
2020-06-21,30.9,15.1,82.8,18.2,10.8,1016.0,87.0,205.1
2020-06-22,28.2,15.3,85.3,18.9,7.6,1016.7,95.2,180.1
2020-06-23,24.9,12.7,89.5,27.3,10.8,1015.6,94.5,171.2
2020-06-24,23.1,13.6,86.8,35.5,7.2,1015.1,96.8,156.1
2020-06-25,25.7,13.0,89.2,24.9,7.6,1015.3,94.8,137.7
2020-06-26,29.2,12.0,74.8,2.3,9.7,1016.5,69.8,276.6
2020-06-27,31.2,11.2,72.5,2.4,7.2,1015.9,68.1,285.7
2020-06-28,29.7,13.8,73.6,7.5,7.2,1015.1,65.3,250.0
2020-06-29,30.7,14.5,79.4,11.3,6.5,1015.2,70.9,230.8
2020-06-30,26.7,12.8,81.0,9.8,14.4,1015.4,87.7,236.1
2021-06-01,30.9,12.6,75.1,3.3,7.2,1015.5,74.9,252.4
2021-06-02,29.7,14.3,74.6,13.1,7.2,1014.5,77.0,236.9
2021-06-03,27.4,13.4,86.4,8.0,21.6,1015.2,87.1,115.2
2021-06-04,28.7,11.3,81.8,3.7,7.6,1016.0,76.2,241.2
2021-06-05,21.9,13.9,88.5,9.7,9.7,1016.2,91.9,192.7
2021-06-06,26.7,12.6,84.3,13.6,14.4,1015.2,82.8,222.5
2021-06-07,29.7,12.5,82.1,14.1,10.8,1014.9,88.8,220.1
2021-06-08,30.7,13.0,80.3,14.2,7.2,1015.6,87.2,214.5
2021-06-09,30.9,13.3,79.8,15.9,7.2,1016.6,88.2,208.4
2021-06-10,26.2,11.9,79.3,14.8,7.2,1015.9,92.8,166.7
2021-06-11,22.4,12.7,83.9,8.1,5.0,1014.4,98.9,135.0
2021-06-12,25.9,12.5,85.3,10.0,10.8,1013.8,97.7,210.6
2021-06-13,25.7,12.9,86.9,10.7,9.7,1015.1,95.2,177.5
2021-06-14,24.1,13.4,87.2,8.6,6.5,1014.9,97.1,116.0
2021-06-15,22.4,14.3,90.6,30.5,4.0,1014.9,99.3,114.2
2021-06-16,26.9,14.4,80.5,12.9,10.1,1012.7,96.5,160.2
2021-06-17,24.9,14.4,82.3,18.5,7.2,1012.6,99.0,137.6
2021-06-18,20.7,14.0,91.7,33.2,9.0,1014.7,99.2,51.5
2021-06-19,26.4,13.4,82.8,2.1,13.0,1016.5,90.9,237.1
2021-06-20,23.1,12.4,78.0,2.8,7.6,1018.3,98.4,247.9
2021-06-21,23.4,13.2,83.1,6.2,8.3,1017.9,90.0,223.2
2021-06-22,27.4,14.8,82.2,13.3,9.0,1016.6,93.7,227.5
2021-06-23,26.1,12.0,83.7,10.4,10.8,1017.3,95.0,196.2
2021-06-24,25.2,12.4,83.4,15.3,13.7,1016.7,82.2,216.9
2021-06-25,22.4,12.1,84.7,6.5,9.4,1017.0,97.2,128.8
2021-06-26,25.2,11.4,77.3,2.3,12.2,1015.9,92.9,197.5
2021-06-27,19.1,12.4,85.2,7.1,7.9,1016.8,99.4,197.4
2021-06-28,23.7,12.2,87.4,6.2,10.1,1015.6,99.1,167.2
2021-06-29,25.9,12.5,82.2,4.0,10.8,1015.9,98.0,211.3
2021-06-30,25.1,14.0,89.3,23.2,5.8,1015.8,96.6,141.9
2022-06-01,26.9,11.1,83.5,13.5,9.0,1012.1,80.3,175.8
2022-06-02,30.2,13.4,75.6,15.8,13.7,1011.3,78.2,248.6
2022-06-03,30.7,11.9,78.4,6.9,13.0,1012.9,72.7,189.2
2022-06-04,31.2,11.8,77.5,4.9,14.4,1012.5,51.0,255.3
2022-06-05,28.7,11.4,78.7,16.1,9.7,1012.3,75.2,273.5
2022-06-06,31.7,13.3,77.0,15.7,13.7,1011.6,89.1,268.4
2022-06-07,22.7,13.6,85.5,14.6,12.6,1013.2,97.1,179.8
2022-06-08,26.2,11.6,77.2,7.8,13.0,1012.9,78.1,231.7
2022-06-09,27.1,13.6,79.8,17.1,14.4,1013.8,87.7,152.8
2022-06-10,28.1,11.8,81.4,7.5,8.6,1014.9,90.2,170.9
2022-06-11,31.4,11.6,77.3,10.3,11.2,1014.0,66.4,223.4
2022-06-12,31.2,11.5,72.2,3.2,11.2,1013.8,79.9,238.9
2022-06-13,27.9,12.9,83.5,32.0,7.2,1015.2,99.5,113.5
2022-06-14,28.4,11.4,78.8,23.1,14.4,1013.1,85.6,268.4
2022-06-15,26.1,13.3,82.6,21.3,14.4,1012.1,90.3,171.3
2022-06-16,24.7,12.8,71.7,6.2,18.0,1014.1,85.8,262.5
2022-06-17,28.4,9.6,69.6,3.6,12.2,1015.9,63.1,257.6
2022-06-18,29.4,11.4,72.2,4.0,14.4,1013.9,84.8,174.9
2022-06-19,19.9,11.2,80.0,5.8,14.0,1014.7,75.7,250.3
2022-06-20,27.7,10.8,72.8,3.7,8.3,1014.7,84.5,241.6
2022-06-21,28.4,11.8,80.9,11.4,10.8,1014.4,95.5,172.8
2022-06-22,23.9,12.9,82.0,7.8,14.4,1014.6,97.9,157.2
2022-06-23,24.7,12.6,74.7,6.6,14.4,1015.0,96.8,234.3
2022-06-24,28.9,10.8,74.8,3.3,14.4,1015.3,84.8,306.1
2022-06-25,28.9,11.3,77.6,8.1,14.4,1015.7,95.6,190.0
2022-06-26,29.1,11.7,72.1,4.8,14.4,1016.7,76.2,215.9
2022-06-27,27.9,11.4,76.1,8.1,10.8,1017.2,77.7,245.5
2022-06-28,30.4,10.7,75.9,4.3,14.4,1017.4,64.0,243.3
2022-06-29,32.1,10.8,71.9,2.4,7.6,1018.2,29.1,288.8
2022-06-30,32.4,10.0,68.9,1.4,10.1,1017.2,58.9,253.5
2023-06-01,21.4,12.9,79.8,11.7,11.9,1015.2,26.2,264.6
2023-06-02,25.7,13.7,72.8,3.6,12.6,1013.3,33.9,283.7
2023-06-03,26.2,14.1,69.9,3.4,16.9,1012.6,17.1,328.4
2023-06-04,25.0,13.4,65.8,0.2,19.8,1012.9,13.4,343.3
2023-06-05,24.0,12.7,69.3,3.4,18.4,1014.3,17.2,346.8
2023-06-06,24.0,12.6,71.3,10.3,15.1,1015.0,49.4,258.8
2023-06-07,21.8,12.2,79.6,9.9,13.7,1015.6,46.2,248.4
2023-06-08,22.2,12.7,78.1,8.7,15.5,1016.3,81.7,294.9
2023-06-09,25.2,14.2,74.1,5.0,12.6,1015.5,75.5,214.3
2023-06-10,25.5,14.3,75.4,3.2,15.5,1015.0,81.0,283.6
2023-06-11,26.3,13.3,71.8,1.1,13.3,1015.1,60.8,334.2
2023-06-12,27.8,13.5,62.2,0.1,23.8,1014.7,55.0,344.2
2023-06-13,27.0,13.3,69.1,1.1,17.3,1015.1,24.9,346.7
2023-06-14,27.0,13.1,73.3,1.4,15.8,1014.4,41.3,337.5
2023-06-15,25.7,13.1,74.7,2.4,15.5,1014.2,56.3,329.2
2023-06-16,26.4,13.5,74.7,2.9,15.8,1015.3,68.5,285.3
2023-06-17,26.6,13.5,60.7,1.0,16.9,1015.0,37.9,339.2
2023-06-18,26.8,12.4,55.3,0.5,14.4,1014.5,4.9,351.9
2023-06-19,26.7,11.9,58.2,0.9,9.4,1015.0,10.7,350.3
2023-06-20,27.1,12.0,59.9,1.5,6.1,1014.4,9.7,348.2
2023-06-21,26.9,12.3,58.4,0.8,14.4,1013.9,26.1,350.0
2023-06-22,25.9,12.1,56.3,1.2,20.2,1014.1,37.4,340.6
2023-06-23,25.4,11.5,57.0,0.9,16.9,1015.2,27.2,342.6
2023-06-24,22.9,12.1,76.0,3.6,9.4,1016.2,97.2,144.7
2023-06-25,18.6,14.0,87.1,25.0,8.6,1015.6,94.0,93.4
2023-06-26,21.3,12.3,81.9,8.3,7.6,1015.5,79.7,206.8
2023-06-27,24.1,10.2,70.9,2.9,11.2,1015.0,33.5,309.9
2023-06-28,23.4,11.5,76.8,4.1,9.7,1014.4,87.7,179.2
2023-06-29,20.7,13.2,85.6,5.1,11.5,1015.0,95.5,169.4
2023-06-30,20.5,11.7,81.7,7.5,8.6,1016.8,80.4,229.7
2024-06-01,34.9,13.9,50.5,0.0,22.0,1010.9,47.5,339.0
2024-06-02,35.4,13.0,52.4,0.3,14.4,1014.3,85.1,291.4
2024-06-03,37.1,12.8,57.2,0.0,17.3,1011.5,44.3,341.7
2024-06-04,37.1,12.7,55.4,0.0,13.3,1009.7,26.3,347.7
2024-06-05,37.9,13.5,49.1,0.0,15.5,1009.1,31.6,343.6
2024-06-06,36.1,14.4,40.5,0.0,16.2,1008.5,54.9,334.2
2024-06-07,35.2,12.7,48.9,0.0,10.8,1011.9,74.0,331.1
2024-06-08,31.4,12.6,63.3,0.4,21.2,1013.5,68.5,226.1
2024-06-09,32.1,12.6,68.1,3.2,11.2,1012.6,78.7,151.9
2024-06-10,32.4,14.0,69.8,2.1,15.5,1009.6,74.9,193.6
2024-06-11,33.9,13.6,58.8,0.2,18.0,1008.5,63.8,340.1
2024-06-12,35.9,13.0,54.1,1.2,14.4,1010.1,76.7,259.8
2024-06-13,32.4,14.2,70.6,3.3,15.5,1011.5,91.5,118.3
2024-06-14,30.1,14.2,84.7,3.5,8.6,1013.2,95.1,95.5
2024-06-15,31.2,12.9,72.5,4.8,14.4,1009.9,54.6,209.1
2024-06-16,34.2,12.7,68.2,4.1,13.0,1009.0,70.1,158.4
2024-06-17,33.4,13.8,72.0,5.0,17.6,1007.4,82.9,233.1
2024-06-18,33.4,13.2,67.6,3.0,18.7,1006.1,61.0,314.7
2024-06-19,30.1,13.8,74.1,4.0,14.8,1004.1,81.6,244.4
2024-06-20,28.1,14.1,87.9,32.9,10.8,1007.2,97.8,91.8
2024-06-21,26.4,13.5,86.5,25.9,8.6,1009.9,98.1,118.8
2024-06-22,27.7,12.9,83.5,15.8,11.5,1012.4,86.5,216.7
2024-06-23,28.2,11.8,78.0,8.2,10.8,1013.1,83.0,259.7
2024-06-24,23.7,14.1,86.6,27.9,7.2,1014.2,99.1,89.8
2024-06-25,25.4,12.9,77.3,2.0,13.7,1014.5,81.1,214.5
2024-06-26,29.2,11.6,67.8,0.0,14.0,1012.0,55.0,330.5
2024-06-27,28.9,12.3,81.4,6.4,14.4,1011.7,81.0,216.0
2024-06-28,29.4,13.8,82.7,18.7,18.0,1011.8,88.3,250.9
2024-06-29,31.7,13.7,80.1,12.8,7.9,1012.6,85.8,225.0
2024-06-30,28.2,13.0,80.1,16.7,12.6,1012.0,88.6,220.4
